segmento,ventas,revenue,ganancia,margen,ticket,dias_cierre
Luxury,568,23091444751,6493854490,27.84137323943662,40511962.14788733,20.329225352112676
Premium,1116,22533030041,6048794370,26.651344086021506,20042088.70967742,13.525985663082437
Intermedio,1571,16487810250,4371201560,26.17848504137492,10339250.795671547,7.78676002546149
Económico,745,3361879242,853767320,24.661073825503355,4347574.496644296,3.8335570469798657
